{"1": {"height": 24, "width": 964, "x": 444.3984375, "y": 2138.6015625}, "5": {"height": 25, "width": 253, "x": 444.3984375, "y": 2172.6015625}, "6": {"height": 22, "width": 32, "x": 444.3984375, "y": 2173.6015625}, "7": {"height": 22, "width": 206, "x": 476.453125, "y": 2173.6015625}, "8": {"height": 24, "width": 253, "x": 444.3984375, "y": 2197.6015625}, "12": {"height": 24, "width": 993, "x": 444.3984375, "y": 2257.6015625}, "13": {"height": 24, "width": 90, "x": 444.3984375, "y": 2257.6015625}, "14": {"height": 24, "width": 125, "x": 1312.296875, "y": 2257.6015625}, "16": {"height": 167, "width": 1022, "x": 430, "y": 2294.796875}, "20": {"height": 74, "width": 341, "x": 444.3984375, "y": 2341.59375}, "21": {"height": 25, "width": 341, "x": 444.3984375, "y": 2341.59375}, "22": {"height": 22, "width": 32, "x": 444.3984375, "y": 2342.59375}, "23": {"height": 22, "width": 309, "x": 476.453125, "y": 2342.59375}, "27": {"height": 41, "width": 73, "x": 1363.6015625, "y": 2358.4296875}, "28": {"height": 24, "width": 993, "x": 444.3984375, "y": 2426.59375}, "29": {"height": 24, "width": 90, "x": 444.3984375, "y": 2426.59375}, "31": {"height": 19, "width": 42, "x": 1395.1953125, "y": 2429.09375}, "35": {"height": 75, "width": 993, "x": 444.3984375, "y": 2510.5859375}, "36": {"height": 74, "width": 319, "x": 444.3984375, "y": 2510.5859375}, "37": {"height": 25, "width": 319, "x": 444.3984375, "y": 2510.5859375}, "38": {"height": 22, "width": 32, "x": 444.3984375, "y": 2511.5859375}, "42": {"height": 75, "width": 75, "x": 1362.6015625, "y": 2510.5859375}, "43": {"height": 25, "width": 73, "x": 1363.6015625, "y": 2535.125}, "44": {"height": 24, "width": 993, "x": 444.3984375, "y": 2595.5859375}, "46": {"height": 24, "width": 125, "x": 1312.296875, "y": 2595.5859375}, "50": {"height": 19, "width": 231, "x": 444.3984375, "y": 2648.078125}, "51": {"height": 75, "width": 993, "x": 444.3984375, "y": 2679.578125}, "52": {"height": 74, "width": 404, "x": 444.3984375, "y": 2679.578125}, "53": {"height": 25, "width": 404, "x": 444.3984375, "y": 2679.578125}, "57": {"height": 17, "width": 103, "x": 444.3984375, "y": 2733.078125}, "58": {"height": 75, "width": 75, "x": 1362.6015625, "y": 2679.578125}, "59": {"height": 25, "width": 73, "x": 1363.6015625, "y": 2704.40625}}