{"1": {"height": 24, "width": 964, "x": 444.3984375, "y": 2814.5703125}, "5": {"height": 25, "width": 523, "x": 444.3984375, "y": 2848.5703125}, "6": {"height": 22, "width": 32, "x": 444.3984375, "y": 2849.5703125}, "7": {"height": 22, "width": 491, "x": 476.453125, "y": 2849.5703125}, "8": {"height": 24, "width": 523, "x": 444.3984375, "y": 2873.5703125}, "12": {"height": 24, "width": 993, "x": 444.3984375, "y": 2933.5703125}, "13": {"height": 24, "width": 90, "x": 444.3984375, "y": 2933.5703125}, "14": {"height": 24, "width": 125, "x": 1312.296875, "y": 2933.5703125}, "16": {"height": 167, "width": 1022, "x": 430, "y": 2970.765625}, "20": {"height": 74, "width": 412, "x": 444.3984375, "y": 3017.5625}, "21": {"height": 25, "width": 412, "x": 444.3984375, "y": 3017.5625}, "22": {"height": 22, "width": 32, "x": 444.3984375, "y": 3018.5625}, "23": {"height": 22, "width": 380, "x": 476.453125, "y": 3018.5625}, "27": {"height": 33, "width": 73, "x": 1363.6015625, "y": 3038.546875}, "28": {"height": 24, "width": 993, "x": 444.3984375, "y": 3102.5625}, "29": {"height": 24, "width": 127, "x": 444.3984375, "y": 3102.5625}, "31": {"height": 19, "width": 42, "x": 1395.1953125, "y": 3105.0625}, "35": {"height": 75, "width": 993, "x": 444.3984375, "y": 3186.5546875}, "36": {"height": 74, "width": 380, "x": 444.3984375, "y": 3186.5546875}, "37": {"height": 25, "width": 380, "x": 444.3984375, "y": 3186.5546875}, "38": {"height": 22, "width": 32, "x": 444.3984375, "y": 3187.5546875}, "42": {"height": 75, "width": 75, "x": 1362.6015625, "y": 3186.5546875}, "43": {"height": 77, "width": 65, "x": 1367.6015625, "y": 3181.5546875}, "44": {"height": 24, "width": 993, "x": 444.3984375, "y": 3271.5546875}, "46": {"height": 24, "width": 125, "x": 1312.296875, "y": 3271.5546875}, "50": {"height": 19, "width": 174, "x": 444.3984375, "y": 3324.046875}, "51": {"height": 75, "width": 993, "x": 444.3984375, "y": 3355.546875}, "52": {"height": 74, "width": 533, "x": 444.3984375, "y": 3355.546875}, "53": {"height": 25, "width": 533, "x": 444.3984375, "y": 3355.546875}, "57": {"height": 17, "width": 156, "x": 444.3984375, "y": 3409.046875}, "58": {"height": 75, "width": 75, "x": 1362.6015625, "y": 3355.546875}, "59": {"height": 25, "width": 73, "x": 1363.6015625, "y": 3380.3515625}}