{"1": {"height": 24, "width": 964, "x": 444.3984375, "y": 3490.5390625}, "5": {"height": 25, "width": 297, "x": 444.3984375, "y": 3524.5390625}, "6": {"height": 22, "width": 32, "x": 444.3984375, "y": 3525.5390625}, "7": {"height": 22, "width": 265, "x": 476.453125, "y": 3525.5390625}, "8": {"height": 24, "width": 297, "x": 444.3984375, "y": 3549.5390625}, "12": {"height": 24, "width": 993, "x": 444.3984375, "y": 3609.5390625}, "13": {"height": 24, "width": 90, "x": 444.3984375, "y": 3609.5390625}, "14": {"height": 24, "width": 125, "x": 1312.296875, "y": 3609.5390625}, "16": {"height": 167, "width": 1022, "x": 430, "y": 3646.734375}, "20": {"height": 74, "width": 575, "x": 444.3984375, "y": 3693.53125}, "21": {"height": 25, "width": 575, "x": 444.3984375, "y": 3693.53125}, "22": {"height": 22, "width": 32, "x": 444.3984375, "y": 3694.53125}, "23": {"height": 22, "width": 543, "x": 476.453125, "y": 3694.53125}, "27": {"height": 25, "width": 73, "x": 1363.6015625, "y": 3718.359375}, "28": {"height": 24, "width": 993, "x": 444.3984375, "y": 3778.53125}, "29": {"height": 24, "width": 90, "x": 444.3984375, "y": 3778.53125}, "31": {"height": 19, "width": 42, "x": 1395.1953125, "y": 3781.03125}, "35": {"height": 75, "width": 993, "x": 444.3984375, "y": 3862.5234375}, "36": {"height": 74, "width": 537, "x": 444.3984375, "y": 3862.5234375}, "37": {"height": 25, "width": 537, "x": 444.3984375, "y": 3862.5234375}, "38": {"height": 22, "width": 32, "x": 444.3984375, "y": 3863.5234375}, "42": {"height": 75, "width": 75, "x": 1362.6015625, "y": 3862.5234375}, "43": {"height": 53, "width": 73, "x": 1363.6015625, "y": 3873.375}, "44": {"height": 24, "width": 993, "x": 444.3984375, "y": 3947.5234375}, "46": {"height": 24, "width": 125, "x": 1312.296875, "y": 3947.5234375}, "50": {"height": 19, "width": 184, "x": 444.3984375, "y": 4000.015625}, "51": {"height": 75, "width": 993, "x": 444.3984375, "y": 4031.515625}, "52": {"height": 74, "width": 425, "x": 444.3984375, "y": 4031.515625}, "53": {"height": 25, "width": 425, "x": 444.3984375, "y": 4031.515625}, "57": {"height": 17, "width": 117, "x": 444.3984375, "y": 4085.015625}, "58": {"height": 75, "width": 75, "x": 1362.6015625, "y": 4031.515625}, "59": {"height": 29, "width": 73, "x": 1363.6015625, "y": 4054.390625}}