{"1": {"height": 24, "width": 964, "x": 444.3984375, "y": 4166.5078125}, "5": {"height": 25, "width": 213, "x": 444.3984375, "y": 4200.5078125}, "6": {"height": 22, "width": 32, "x": 444.3984375, "y": 4201.5078125}, "7": {"height": 22, "width": 122, "x": 476.453125, "y": 4201.5078125}, "8": {"height": 24, "width": 213, "x": 444.3984375, "y": 4225.5078125}, "12": {"height": 24, "width": 993, "x": 444.3984375, "y": 4285.5078125}, "13": {"height": 24, "width": 90, "x": 444.3984375, "y": 4285.5078125}, "14": {"height": 24, "width": 125, "x": 1312.296875, "y": 4285.5078125}, "16": {"height": 167, "width": 1022, "x": 430, "y": 4322.703125}, "20": {"height": 74, "width": 796, "x": 444.3984375, "y": 4369.5}, "21": {"height": 25, "width": 796, "x": 444.3984375, "y": 4369.5}, "22": {"height": 22, "width": 32, "x": 444.3984375, "y": 4370.5}, "23": {"height": 22, "width": 764, "x": 476.453125, "y": 4370.5}, "27": {"height": 56, "width": 73, "x": 1363.6015625, "y": 4378.8984375}, "28": {"height": 24, "width": 993, "x": 444.3984375, "y": 4454.5}, "29": {"height": 24, "width": 127, "x": 444.3984375, "y": 4454.5}, "31": {"height": 19, "width": 42, "x": 1395.1953125, "y": 4457}, "35": {"height": 75, "width": 993, "x": 444.3984375, "y": 4538.4921875}, "36": {"height": 74, "width": 289, "x": 444.3984375, "y": 4538.4921875}, "37": {"height": 25, "width": 289, "x": 444.3984375, "y": 4538.4921875}, "38": {"height": 22, "width": 32, "x": 444.3984375, "y": 4539.4921875}, "42": {"height": 75, "width": 75, "x": 1362.6015625, "y": 4538.4921875}, "43": {"height": 25, "width": 73, "x": 1363.6015625, "y": 4563.203125}, "44": {"height": 24, "width": 993, "x": 444.3984375, "y": 4623.4921875}, "46": {"height": 24, "width": 125, "x": 1312.296875, "y": 4623.4921875}, "50": {"height": 19, "width": 317, "x": 444.3984375, "y": 4675.984375}, "51": {"height": 75, "width": 993, "x": 444.3984375, "y": 4707.484375}, "52": {"height": 74, "width": 551, "x": 444.3984375, "y": 4707.484375}, "53": {"height": 25, "width": 551, "x": 444.3984375, "y": 4707.484375}, "57": {"height": 17, "width": 129, "x": 444.3984375, "y": 4760.984375}, "58": {"height": 75, "width": 75, "x": 1362.6015625, "y": 4707.484375}, "59": {"height": 73, "width": 73, "x": 1363.6015625, "y": 4708.484375}}