{"1": {"height": 24, "width": 964, "x": 444.3984375, "y": 786.6640625}, "5": {"height": 25, "width": 633, "x": 444.3984375, "y": 820.6640625}, "6": {"height": 22, "width": 21, "x": 444.3984375, "y": 821.6640625}, "7": {"height": 22, "width": 611, "x": 465.5546875, "y": 821.6640625}, "8": {"height": 24, "width": 633, "x": 444.3984375, "y": 845.6640625}, "12": {"height": 24, "width": 993, "x": 444.3984375, "y": 905.6640625}, "13": {"height": 24, "width": 90, "x": 444.3984375, "y": 905.6640625}, "14": {"height": 24, "width": 125, "x": 1312.296875, "y": 905.6640625}, "16": {"height": 167, "width": 1022, "x": 430, "y": 942.859375}, "20": {"height": 74, "width": 246, "x": 444.3984375, "y": 989.65625}, "21": {"height": 25, "width": 246, "x": 444.3984375, "y": 989.65625}, "22": {"height": 22, "width": 21, "x": 444.3984375, "y": 990.65625}, "23": {"height": 22, "width": 225, "x": 465.5546875, "y": 990.65625}, "27": {"height": 20, "width": 73, "x": 1363.6015625, "y": 1017.171875}, "28": {"height": 24, "width": 993, "x": 444.3984375, "y": 1074.65625}, "29": {"height": 24, "width": 127, "x": 444.3984375, "y": 1074.65625}, "31": {"height": 19, "width": 42, "x": 1395.1953125, "y": 1077.15625}, "35": {"height": 75, "width": 993, "x": 444.3984375, "y": 1158.6484375}, "36": {"height": 74, "width": 538, "x": 444.3984375, "y": 1158.6484375}, "37": {"height": 25, "width": 538, "x": 444.3984375, "y": 1158.6484375}, "38": {"height": 22, "width": 21, "x": 444.3984375, "y": 1159.6484375}, "42": {"height": 75, "width": 75, "x": 1362.6015625, "y": 1158.6484375}, "43": {"height": 73, "width": 73, "x": 1363.6015625, "y": 1159.6484375}, "44": {"height": 24, "width": 993, "x": 444.3984375, "y": 1243.6484375}, "46": {"height": 24, "width": 125, "x": 1312.296875, "y": 1243.6484375}, "50": {"height": 19, "width": 89, "x": 444.3984375, "y": 1296.140625}, "51": {"height": 75, "width": 993, "x": 444.3984375, "y": 1327.640625}, "52": {"height": 74, "width": 464, "x": 444.3984375, "y": 1327.640625}, "53": {"height": 25, "width": 464, "x": 444.3984375, "y": 1327.640625}, "57": {"height": 17, "width": 230, "x": 444.3984375, "y": 1381.140625}, "58": {"height": 75, "width": 75, "x": 1362.6015625, "y": 1327.640625}, "59": {"height": 21, "width": 73, "x": 1363.6015625, "y": 1354.234375}}