{"1": {"height": 24, "width": 964, "x": 444.3984375, "y": 1462.6328125}, "5": {"height": 25, "width": 242, "x": 444.3984375, "y": 1496.6328125}, "6": {"height": 22, "width": 21, "x": 444.3984375, "y": 1497.6328125}, "7": {"height": 22, "width": 221, "x": 465.5546875, "y": 1497.6328125}, "8": {"height": 24, "width": 242, "x": 444.3984375, "y": 1521.6328125}, "12": {"height": 24, "width": 993, "x": 444.3984375, "y": 1581.6328125}, "13": {"height": 24, "width": 90, "x": 444.3984375, "y": 1581.6328125}, "14": {"height": 24, "width": 125, "x": 1312.296875, "y": 1581.6328125}, "16": {"height": 167, "width": 1022, "x": 430, "y": 1618.828125}, "20": {"height": 74, "width": 339, "x": 444.3984375, "y": 1665.625}, "21": {"height": 25, "width": 339, "x": 444.3984375, "y": 1665.625}, "22": {"height": 22, "width": 21, "x": 444.3984375, "y": 1666.625}, "23": {"height": 22, "width": 317, "x": 465.5546875, "y": 1666.625}, "27": {"height": 73, "width": 71, "x": 1364.3671875, "y": 1666.625}, "28": {"height": 24, "width": 993, "x": 444.3984375, "y": 1750.625}, "29": {"height": 24, "width": 127, "x": 444.3984375, "y": 1750.625}, "31": {"height": 19, "width": 42, "x": 1395.1953125, "y": 1753.125}, "35": {"height": 75, "width": 993, "x": 444.3984375, "y": 1834.6171875}, "36": {"height": 74, "width": 578, "x": 444.3984375, "y": 1834.6171875}, "37": {"height": 25, "width": 578, "x": 444.3984375, "y": 1834.6171875}, "38": {"height": 22, "width": 21, "x": 444.3984375, "y": 1835.6171875}, "42": {"height": 75, "width": 75, "x": 1362.6015625, "y": 1834.6171875}, "43": {"height": 77, "width": 65, "x": 1367.6015625, "y": 1829.6171875}, "44": {"height": 24, "width": 993, "x": 444.3984375, "y": 1919.6171875}, "46": {"height": 24, "width": 125, "x": 1312.296875, "y": 1919.6171875}, "50": {"height": 19, "width": 246, "x": 444.3984375, "y": 1972.109375}, "51": {"height": 75, "width": 993, "x": 444.3984375, "y": 2003.609375}, "52": {"height": 74, "width": 258, "x": 444.3984375, "y": 2003.609375}, "53": {"height": 25, "width": 258, "x": 444.3984375, "y": 2003.609375}, "57": {"height": 17, "width": 80, "x": 444.3984375, "y": 2057.109375}, "58": {"height": 75, "width": 75, "x": 1362.6015625, "y": 2003.609375}, "59": {"height": 77, "width": 65, "x": 1367.6015625, "y": 1998.609375}}